{
  "es": {
    "Año": "Year",
    "Mes": "Month",
    "Semana": "Week",
    "Día": "Day",
    "Kilómetro cuadrado": "Square kilometer",
    "Hectómetro cuadrado": "Square hectometer",
    "Decámetro cuadrado": "Square decameter",
    "Metro cuadrado": "Square meter",
    "Decímetro cuadrado": "Square decimeter",
    "Centímetro cuadrado": "Square centimeter",
    "Milímetro cuadrado": "Square millimeter",
    "Pulgada cuadrado": "Square inch",
    "Pie cuadrado": "Square foot",
    "Milla cuadrado": "Square mile",
    "Yarda cuadrado": "Square yard",
    "Acre": "Acre",
    "Tonelada métrica": "Metric Ton",
    "Tonelada": "Ton",
    "Kilogramo": "Kilogram",
    "Hectogramo": "Hectogram",
    "Decagramo": "Decagram",
    "Gramo": "Gram",
    "Decigramo": "Decigram",
    "Centigramo": "Centigram",
    "Miligramo": "Milligram",
    "Microgramo": "Microgram",
    "Nanogramo": "Nanogram",
    "Picogramo": "Picogram",
    "Libra": "Pound",
    "Onza": "Ounce",
    "Grano": "Grain",
    "Quilate": "Quilate",
    "Kilómetro": "Kilometer",
    "Hectómetro": "Hectometer",
    "Decámetro": "Decameter",
    "Metro": "Meter",
    "Decímetro": "Decimeter",
    "Centímetro": "Centimeter",
    "Milímetro": "Millimeter",
    "Micrómetro": "Micrometer",
    "Nanómetro": "Nanometer",
    "Picómetro": "Picometer",
    "Milla": "Mile",
    "Yarda": "Yard",
    "Pulgada": "Inch",
    "Pie": "Foot",
    "Año luz": "Light year",
    "Metro por segundo": "Meter per second",
    "Kilómetro por hora": "Kilometer per hour",
    "Kilómetro por minuto": "Kilometer per minute",
    "Kilómetro por segundo": "Kilometer per second",
    "Milla por hora": "Mile per hour",
    "Nudo": "Knot",
    "Pie por segundo": "Foot per second",
    "Pie por minuto": "Foot per minute",
    "Yarda por minuto": "Yard per minute",
    "Yarda por segundo": "Yard per second",
    "Kilómetro cúbico": "Cubic kilometer",
    "Hectómetro cúbico": "Cubic hectometer",
    "Decámetro cúbico": "Cubic decameter",
    "Metro cúbico": "Cubic meter",
    "Decímetro cúbico": "Cubic decimeter",
    "Centímetro cúbico": "Cubic centimeter",
    "Milímetro cúbico": "Cubic millimiter",
    "Pulgada cúbica": "Cubic inch",
    "Pie cúbico": "Cubic foot",
    "Yarda cúbica": "Cubic yard",
    "Hectolitro": "Hectoliter",
    "Litro": "Liter",
    "Mililitro": "Milliliter",
    "Galón": "Gallon",
    "Pinta": "Pint",
    "Barril": "Barrel",
    "Onza líquida": "Liquid ounce",
    "bit": "Bit",
    "kilobit": "Kilobit",
    "megabit": "Megabit",
    "gigabit": "Gigabit",
    "terabit": "Terabit",
    "petabit": "Petabit",
    "kibibit": "Kibibit",
    "mebibit": "Mebibit",
    "gibibit": "Gibibit",
    "tebibit": "Tebibit",
    "pebibit": "Pebibit",
    "byte": "Byte",
    "kilobyte": "Kilobyte",
    "megabyte": "Megabyte",
    "gigabyte": "Gigabyte",
    "terabyte": "Terabyte",
    "petabyte": "Petabyte",
    "kibibyte": "Kibibyte",
    "mebibyte": "Mebibyte",
    "gibibyte": "Gibibyte",
    "tebibyte": "Tebibyte",
    "pebibyte": "Pebibyte",
    "Kelvin": "K",
    "Rankine": "R",
    "Grado Celsius": "C",
    "Grado Fahrenheit": "F",
    "Grado Delisle": "D",
    "Grado": "Degree",
    "Dólar": "Dollar",
    "Peso": "Peso",
    "Rublo": "Ruble",
    "Florín": "Florin",
    "Dinar": "Dinar",
    "Franco": "Franc",
    "Rupia": "Rupee",
    "Escudo": "Escudo",
    "Chelín": "Shilling",
    "Lira": "Lira",
    "Centavo": "Centavo",
    "Céntimo": "Cent",
    "Penique": "Penny",
    "Euro": "Euro",
    "Céntimo de Euro": "Cent",
    "Dólar del Caribe Oriental": "East Caribbean dollar",
    "Centavo del Caribe Oriental": "East Caribbean centavo",
    "Franco CFA de África Occidental": "West African CFA franc",
    "Céntimo de CFA de África Occidental": "West African CFA cent",
    "Franco CFA de África Central": "Central African CFA franc",
    "Céntimo de CFA de África Central": "Central African CFA cent",
    "Apsar": "Abkhazian apsar",
    "Afgani afgano": "Afghan afghani",
    "Pul": "Pul",
    "Lek albanés": "Albanian lek",
    "Qindarka": "Qindarkë",
    "Kwanza angoleño": "Angolan kwanza",
    "Cêntimo angoleño": "Angolan cent",
    "Florín antillano neerlandés": "Netherlands guilder",
    "Riyal saudí": "Saudi riyal",
    "Halalá saudí": "Halala",
    "Dinar argelino": "Algerian dinar",
    "Peso argentino": "Argentine peso",
    "Dram armenio": "Armenian dram",
    "Luma armenio": "Luma",
    "Florín arubeño": "Aruban florin",
    "Yotin arubeño": "Aruban Yotin",
    "Dólar australiano": "Australian dollar",
    "Centavo australiano": "Australian cent",
    "Manat azerí": "Azerbaijani manat",
    "Qəpik azerí": "Qəpik",
    "Dólar bahameño": "Bahamian dollar",
    "Centavo bahameño": "Bahamian cent",
    "Dinar bahreiní": "Bahraini dinar",
    "Fil bahreiní": "Fils",
    "Taka bangladeshí": "Bangladeshi taka",
    "Poisha bangladeshí": "Paisa",
    "Dólar de Barbados": "Barbadian dollar",
    "Centavo de Barbados": "Barbadian cent",
    "Dólar beliceño": "Belize dollar",
    "Centavo beliceño": "Belize cent",
    "Dólar bermudeño": "Bermudian dollar",
    "Centavo bermudeño": "Bermudian cent",
    "Rublo bielorruso": "Belarusian ruble",
    "Kópek bielorruso": "Kopek",
    "Kyat birmano": "Burmese kyat",
    "Pya birmano": "Pya",
    "Boliviano": "Bolivian boliviano",
    "Marco bosnioherzegovino": "Bosnia and Herzegovina convertible mark",
    "Feningas bosnioherzegovino": "Fening",
    "Pula": "Botswana pula",
    "Thebe": "Thebe",
    "Real brasileño": "Brazilian real",
    "Dólar de Brunéi": "Brunei dollar",
    "Sen de Brunéi": "Sen",
    "Lev búlgaro": "Bulgarian lev",
    "Stotinki búlgaro": "Stotinka",
    "Franco de Burundi": "Burundian franc",
    "Ngultrum butanés": "Bhutanese ngultrum",
    "Chetrum  butanés": "Chetrum",
    "Escudo caboverdiano": "Cape Verdean escudo",
    "Riel camboyano": "Cambodian riel",
    "Dólar canadiense": "Canadian dollar",
    "Centavo canadiense": "Canadian cent",
    "Peso chileno": "Chilean peso",
    "Yuan chino": "Chinese yuan",
    "Peso colombiano": "Colombian peso",
    "Franco comorano": "Comorian franc",
    "Franco congoleño": "Congolese franc",
    "Won norcoreano": "North Korean won",
    "Chon norcoreano": "North Korean chon",
    "Won surcoreano": "South Korean won",
    "Chon surcoreano": "South Korean chon",
    "Colón costarricense": "Costa Rican colón",
    "Kuna croata": "Croatian kuna",
    "Lipa croata": "Lipa",
    "Peso cubano": "Cuban peso",
    "Peso cubano convertible": "Cuban convertible peso",
    "Corona danesa": "Danish krone",
    "Libra egipcia": "Egyptian pound",
    "Piastra egipcia": "Piastre",
    "Colón salvadoreño": "Salvadoran colón",
    "Dirham de los Emiratos Árabes Unidos": "United Arab Emirates dirham",
    "Nakfa": "Eritrean nakfa",
    "Peseta": "Peseta",
    "Dólar estadounidense": "United States dollar",
    "Corona estonia": "Estonian krone",
    "Senti estonia": "Estonian senti",
    "Birr etíope": "Ethiopian birr",
    "Santim etíope": "Santim",
    "Peso filipino": "Philippine peso",
    "Marco finlandés": "Finnish markka",
    "Dólar fiyiano": "Fijian dollar",
    "Dalasi": "Gambian dalasi",
    "Bututs": "Butut",
    "Lari georgiano": "Georgian lari",
    "Tetri georgiano": "Tetri",
    "Cedi": "Ghanaian cedi",
    "Pesewa": "Pesewa",
    "Libra gibraltareña": "Gibraltar pound",
    "Penique gibraltareña": "Gibraltar penny",
    "Quetzal guatemalteco": "Guatemalan quetzal",
    "Libra de Guernsey": "Guernsey pound",
    "Penique de Guernsey": "Guernsey penny",
    "Franco guineano": "Guinean franc",
    "Céntimo guineano": "Guinean cent",
    "Dólar guyanés": "Guyanese dollar",
    "Gourde haitiano": "Haitian gourde",
    "Céntimo haitiano": "Haitian cent",
    "Lempira hondureño": "Honduran lempira",
    "Dólar de Hong Kong": "Hong Kong dollar",
    "Forinto húngaro": "Hungarian forint",
    "Rupia india": "Indian rupee",
    "Paisa india": "Paisa",
    "Rupia indonesia": "Indonesian rupiah",
    "Sen indonesia": "Indonesian sen",
    "Rial iraní": "Iranian rial",
    "Dinar iraquí": "Iraqi dinar",
    "Fil iraquí": "Iraqi fil",
    "Libra manesa": "Manx pound",
    "Penique manes": "Manx penny",
    "Corona islandesa": "Icelandic króna",
    "Aurar islandes": "Icelandic aurar",
    "Dólar de las Islas Caimán": "Cayman Islands dollar",
    "Dólar de las Islas Cook": "Cook Islands dollar",
    "Corona feroesa": "Faroese króna",
    "Libra malvinense": "Malvinese pound",
    "Dólar de las Islas Salomón": "Solomon Islands dollar",
    "Nuevo shéquel": "Israeli new shekel",
    "Agorot": "Agora",
    "Dólar jamaiquino": "Jamaican dollar",
    "Yen": "Japanese yen",
    "Libra de Jersey": "Jersey pound",
    "Dinar jordano": "Jordanian dinar",
    "Piastra jordano": "Jordanian piastre",
    "Tenge kazajo": "Kazakhstani tenge",
    "Chelín keniano": "Kenyan shilling",
    "Som kirguís": "Kyrgyzstani som",
    "Tyiyn": "Tyiyn",
    "Dólar de Kiribati": "Kiribati dollar",
    "Dinar kuwaití": "Kuwaiti dinar",
    "Kip laosiano": "Lao kip",
    "Att laosiano": "Att",
    "Loti": "Lesotho loti",
    "Sente": "Sente",
    "Libra libanesa": "Lebanese pound",
    "Dólar liberiano": "Liberian dollar",
    "Dinar libio": "Libyan dinar",
    "Dirham libio": "Libyan dirham",
    "Litas lituana": "Lithuanian litas",
    "Pataca macaense": "Macanese pataca",
    "Avo macaense": "Avo",
    "Ho macaense": "Ho",
    "Denar macedonio": "Macedonian denar",
    "Deni macedonio": "Deni",
    "Ariary malgache": "Malagasy ariary",
    "Iraimbilanja malgache": "Iraimbilanja",
    "Ringgit malayo": "Malaysian ringgit",
    "Sen malayo": "Malaysian sen",
    "Kwacha malauí": "Malawian kwacha",
    "Támbala malauí": "Tambala",
    "Rupia de Maldivas": "Maldivian rufiyaa",
    "Dirham marroquí": "Moroccan dirham",
    "Rupia de Mauricio": "Mauritian rupee",
    "Uguiya": "Mauritanian ouguiya",
    "Jum": "Jum",
    "Peso mexicano": "Mexican peso",
    "Leu moldavo": "Moldovan leu",
    "Ban moldavo": "Ban",
    "Metical mozambiqueño": "Mozambican metical",
    "Dólar namibio": "Namibian dollar",
    "Rupia nepalí": "Nepalese rupee",
    "Paisa nepalí": "Paisa",
    "Córdoba nicaragüense": "Nicaraguan córdoba",
    "Naira": "Nigerian naira",
    "Kobo": "Kobo",
    "Corona noruega": "Norwegian krone",
    "Franco CFP": "CFP franc",
    "Dólar neozelandés": "New Zealand dollar",
    "Rial omaní": "Omani rial",
    "Baisa omaní": "Baisa",
    "Florín neerlandés": "Netherlands guilder",
    "Rupia pakistaní": "Pakistani rupee",
    "Paisa pakistaní": "Pakistani paisa",
    "Balboa panameño": "Panamanian balboa",
    "Kina": "Papua New Guinean kina",
    "Toea": "Toea",
    "Guaraní": "Paraguayan guaraní",
    "Sol": "Peruvian sol",
    "Złoty": "Polish złoty",
    "Groszy": "Grosz",
    "Riyal qatarí": "Qatari riyal",
    "Dirham qatarí": "Qatari dirham",
    "Libra esterlina": "British pound",
    "Corona checa": "Czech koruna",
    "Peso dominicano": "Dominican peso",
    "Franco ruandés": "Rwandan franc",
    "Leu rumano": "Romanian leu",
    "Ban rumano": "Ban",
    "Rublo ruso": "Russian ruble",
    "Kopek ruso": "Kopek",
    "Tala": "Samoan tālā",
    "Sene": "Sene",
    "Libra de Santa Helena": "Saint Helena pound",
    "Penique de Santa Helena": "Saint Helena penny",
    "Dobra": "São Tomé and Príncipe dobra",
    "Dinar serbio": "Serbian dinar",
    "Para serbio": "Para",
    "Rupia de Seychelles": "Seychellois rupee",
    "Leone": "Sierra Leonean leone",
    "Dólar de Singapur": "Singapore dollar",
    "Libra siria": "Syrian pound",
    "Piastra siria": "Syrian piastre",
    "Chelín somalí": "Somali shilling",
    "Chelín somalilandés": "Somaliland shilling",
    "Rupia de Sri Lanka": "Sri Lankan rupee",
    "Lilangeni": "Swazi lilangeni",
    "Rand sudafricano": "South African rand",
    "Libra sudanesa": "Sudanese pound",
    "Piastra sudanesa": "Sudanese piastre",
    "Libra sursudanesa": "South Sudanese pound",
    "Piastra sursudanesa": "South Sudanese piastre",
    "Corona sueca": "Swedish krona",
    "Franco suizo": "Swiss franc",
    "Rappen suizo": "Rappen",
    "Dólar surinamés": "Surinamese dollar",
    "Baht tailandés": "Thai baht",
    "Satang tailandés": "Satang",
    "Nuevo dólar taiwanés": "New Taiwan dollar",
    "Chelín tanzano": "Tanzanian shilling",
    "Somoni tayiko": "Tajikistani somoni",
    "Diram": "Diram",
    "Paʻanga": "Tongan paʻanga",
    "Seniti": "Seniti",
    "Rublo de Transnistria": "Transnistrian ruble",
    "Kopek de Transnistria": "Transnistrian kopek",
    "Dólar trinitense": "Trinidad and Tobago dollar",
    "Dinar tunecino": "Tunisian dinar",
    "Millime tunecino": "Millime",
    "Lira turca": "Turkish lira",
    "Kuruş turca": "Kuruş",
    "Manat turkmeno": "Turkmenistan manat",
    "Tennesi turkmeno": "Tennesi",
    "Dólar tuvaluano": "Tuvaluan dollar",
    "Grivna": "Grivna",
    "Kopiyka": "Kopiyka",
    "Chelín ugandés": "Ugandan shilling",
    "Peso uruguayo": "Uruguayan peso",
    "Som uzbeko": "Uzbekitan som",
    "Tiyin uzbeko": "Tiyin",
    "Vatu": "Vanuatu vatu",
    "Bolívar fuerte": "Venezuelan bolívar",
    "Đồng vietnamita": "Vietnamese dong",
    "Hào vietnamita": "Vietnamese hao",
    "Rial yemení": "Yemeni rial",
    "Fils yemení": "Yemeni fils",
    "Franco yibutiano": "Djiboutian franc",
    "Dinar yugoslavo": "Yugoslav dinar",
    "Kwacha zambiano": "Zambian kwacha",
    "Ngwee zambiano": "Zambian ngwee"
  },
  "fr": {
    "Ans": "Year",
    "Mois": "Month",
    "Semaines": "Week",
    "Jour": "Day",
    "Kilomètre carré": "Square kilometer",
    "Hectomètre carré": "Square hectometer",
    "Décamètre carré": "Square decameter",
    "Mètre carré": "Square meter",
    "Décimètre carré": "Square decimeter",
    "Centimètre carré": "Square centimeter",
    "Millimètre carré": "Square millimeter",
    "Pouce carré": "Square inch",
    "Pied carré": "Square foot",
    "Mile carré": "Square mile",
    "Cour carré": "Square yard",
    "Acre": "Acre",
    "Kilogramme": "Kilogram",
    "Gram": "Gram",
    "Milligramme": "Milligram",
    "Tonne métrique": "Metric Ton",
    "Tonne": "Ton",
    "Livre": "Pound",
    "Bit": "Bit",
    "Kilobit": "Kilobit",
    "Megabit": "Megabit",
    "Gigabit": "Gigabit",
    "Terabit": "Terabit",
    "Petabit": "Petabit",
    "octet": "Byte",
    "Kilooctet": "Kilobyte",
    "Mégaoctet": "Megabyte",
    "Gigaoctet": "Gigabyte",
    "Téraoctet": "Terabyte",
    "Pétaoctet": "Petabyte",
    "Kilomètres": "Kilometer",
    "Hectomètre": "Hectometer",
    "Décamètre": "Decameter",
    "Mètres": "Meter",
    "Décimètres": "Decimeter",
    "Centimètres": "Centimeter",
    "Millimètres": "Millimeter",
    "Micromètres": "Micrometer",
    "Nanomètres": "Nanometer",
    "Picomètres": "Picometer",
    "Mile": "Mile",
    "Pied": "Foot",
    "Yard": "Yard",
    "Pouce": "Inch",
    "Mètre par seconde": "Meter per second",
    "Kilomètre par heure": "Kilometer per hour",
    "Kilomètre par minute": "Kilometer per minute",
    "Kilomètre par seconde": "Kilometer per second",
    "Miles par heure": "Mile per hour",
    "Noeuds": "Knot",
    "Pied par seconde": "Foot per second",
    "Pied par minute": "Foot per minute", 
    "Kelvin": "K",
    "F": "F", 
    "R": "R",
    "C": "C",
    "Degré": "Degree",
    "Mètre cube": "Cubic meter",
    "Centimètre cube": "Cubic centimeter",
    "Millimètre cube": "Cubic millimiter",
    "Kilomètre cube": "Cubic kilometer",
    "Pieds cube": "Cubic foot",
    "Litre": "Liter",
    "Millilitre": "Milliliter",
    "Gallon": "Gallon",
    "Pintes": "Pint",
    "Onces": "Ounce",
    "Décilitre": "Deciliter",
    "Centilitre": "Centiliter",
    "Onces liquides": "Liquid ounce",
    "Baril": "Barrel",
    "Abkhazie apsar": "Abkhazian apsar",
    "Afghan afghani": "Afghan afghani",
    "Pul": "Pul",
    "Euro": "Euro",
    "Cent": "Cent",
    "lek Albanais": "Albanian lek",
    "Qindarkë": "Qindarkë",
    "Kwanza angolais": "Angolan kwanza",
    "Dram arménien": "Armenian dram",
    "Florins d'Aruba": "Aruban florin",
    "Bangladeshi taka": "Bangladeshi taka",
    "Paisa": "Paisa",
    "Ngultrum bhoutanais": "Bhutanese ngultrum",
    "Chetrum": "Chetrum",
    "Boliviano bolivien": "Bolivian boliviano",
    "Bosnie-Herzégovine mark convertible": "Bosnia and Herzegovina convertible mark",
    "Fening": "Fening",
    "Pula": "Botswana pula",
    "Thebe": "Thebe",
    "Réal brésilien": "Brazilian real",
    "Lev bulgare": "Bulgarian lev",
    "Stotinki búlgaro": "Stotinka",
    "Riel cambodgien": "Cambodian riel",
    "Escudo du cap-vert": "Cape Verdean escudo",
    "Colon du costa rica": "Costa Rican colón",
    "Colon du salvador": "Salvadoran colón",
    "Kuna croate": "Croatian kuna",
    "Lipa": "Lipa",
    "Couronne tchèque": "Czech koruna",
    "Haléř": "Haléř",
    "Nakfas érythréens": "Eritrean nakfa",
    "Birr éthiopien": "Ethiopian birr",
    "Dalasi gambienne": "Gambian dalasi",
    "Butut": "Butut",
    "Lari géorgien": "Georgian lari",
    "Tetri géorgien": "Tetri",
    "Cedi": "Ghanaian cedi",
    "Pesewa": "Pesewa",
    "Quetzal guatémaltèque": "Guatemalan quetzal",
    "Gourdes haïtiennes": "Haitian gourde",
    "Lempira hondurien": "Honduran lempira",
    "Forint hongrois": "Hungarian forint",
    "Fillér": "Fillér",
    "Rial iranien": "Iranian rial",
    "Litas lituanien": "Lithuanian litas",
    "Yen Japonais": "Japanese yen",
    "Tenge kazakh": "Kazakhstani tenge",
    "Shilling kényan": "Kenyan shilling",
    "Won coréen": "Korean won",
    "Won sud-coréen": "South Korean won",
    "Corée du nord won": "North Korean won",
    "Som Kirghizie": "Kyrgyzstani som",
    "Sum Ouzbékistan": "Uzbekitan som",
    "Kip laotien": "Lao kip",
    "Att": "Att",
    "Loti": "Lesotho loti",
    "Sente": "Sente",
    "Rand sud-africain": "South African rand",
    "Pataca macanais": "Macanese pataca",
    "Avo": "Avo",
    "Dinar macédonien": "Macedonian denar",
    "Deni": "Deni",
    "Ariary malagache": "Malagasy ariary",
    "Iraimbilanja": "Iraimbilanja",
    "Kwacha malawien": "Malawian kwacha",
    "Tambala": "Tambala",
    "Ringitt malaisien": "Malaysian ringgit",
    "Ouguiya mauritanienne": "Mauritanian ouguiya",
    "Khoums": "Khoums",
    "Togrogs mongoles": "Mongolian tögrög",
    "Metical mozambique": "Mozambican metical",
    "Kyat birmanie": "Burmese kyat",
    "Pya": "Pya",
    "Cordoba nicaraguayen": "Nicaraguan córdoba",
    "Naira nigérians": "Nigerian naira",
    "Livre turque": "Turkish lira",
    "Kuruş": "Kuruş",
    "Rials omanais": "Omani rial",
    "Balboa panaméennes": "Panamanian balboa",
    "Kina": "Papua New Guinean kina",
    "Toea": "Toea",
    "Guaraní paraguayen": "Paraguayan guaraní",
    "Sol péruvien": "Peruvian sol",
    "Złoty polonais": "Polish złoty",
    "Groxz": "Grosz",
    "Riyal qatari": "Qatari riyal",
    "Riayl saudi": "Saudi riyal",
    "Riyal": "Riyal",
    "Dirham": "Dirham",
    "Halala": "Halala",
    "Tala": "Samoan tālā",
    "Sene": "Sene",
    "Dobra": "São Tomé and Príncipe dobra",
    "Leone": "Sierra Leonean leone",
    "Florins Néerlandais": "Netherlands guilder",
    "Lilangeni": "Swazi lilangeni",
    "Somoni tadjikistan": "Tajikistani somoni",
    "Diram": "Diram",
    "Baht thaïlandais": "Thai baht",
    "Satang": "Satang",
    "Paʻanga": "Tongan paʻanga",
    "Hryvnia ukrainien": "Ukrainian hryvnia",
    "Vanuatu vatu": "Vanuatu vatu",
    "Bolívar vénézuélien": "Venezuelan bolívar",
    "Dong vietnamien": "Vietnamese dong",
    "Kwacha de Zambie": "Zambian kwacha",
    "Dirham marocain": "Moroccan dirham",
    "Dirham des Émirats arabes unis": "United Arab Emirates dirham",
    "Manat azerbaïdjanais": "Azerbaijani manat",
    "Manat turkmène": "Turkmenistan manat",
    "Manat": "Manat",
    "Qəpik": "Qəpik",
    "Shilling somalien": "Somali shilling",
    "Shilling tanzanien": "Tanzanian shilling",
    "Shilling ougandais": "Ugandan shilling",
    "Leu roumain": "Romanian leu",
    "Leu moldave": "Moldovan leu",
    "Leu": "Leu",
    "Ban": "Ban",
    "Roupie népalaise": "Nepalese rupee",
    "Roupie pakistanaise": "Pakistani rupee",
    "Roupie indienne": "Indian rupee",
    "Roupie seychelloise": "Seychellois rupee",
    "Roupie mauricienne": "Mauritian rupee",
    "Rufiyaa maldives": "Maldivian rufiyaa",
    "Roupie srilankaise": "Sri Lankan rupee",
    "Rupiah Indonésie": "Indonesian rupiah",
    "Roupie": "Rupee",
    "Couronne danoise": "Danish krone",
    "Couronne norvégienne": "Norwegian krone",
    "Couronne féroïenne": "Faroese króna",
    "Couronne suédoise": "Swedish krona",
    "Couronne": "Krone",
    "Øre": "Øre",
    "Franc CFA de l'Afrique de l'Ouest": "West African CFA franc",
    "Franc CFA d'Afrique centrale": "Central African CFA franc",
    "Franc comorien": "Comorian franc",
    "Franc congolais": "Congolese franc",
    "Franc burundais": "Burundian franc",
    "Franc djiboutienne": "Djiboutian franc",
    "Franc CFP": "CFP franc",
    "Franc guinéen": "Guinean franc",
    "Franc Suisse": "Swiss franc",
    "Franc rwandais": "Rwandan franc",
    "Franc belge": "Belgian franc",
    "Rappen": "Rappen",
    "Franc": "Franc",
    "Centimes": "Centime",
    "Rouble russe": "Russian ruble",
    "Nouveau rouble biélorusse": "New Belarusian ruble",
    "Rouble transnistriens": "Transnistrian ruble",
    "Rouble biélorusses": "Belarusian ruble",
    "Kopek": "Kopek",
    "Kapyeyka": "Kapyeyka",
    "Rouble": "Ruble",
    "Dinar algérien": "Algerian dinar",
    "Dinar de bahreïn": "Bahraini dinar",
    "Santeem": "Santeem",
    "Dinar iraquien": "Iraqi dinar",
    "Dinar jordanien": "Jordanian dinar",
    "Dinar koweïtien": "Kuwaiti dinar",
    "Dinar libyen": "Libyan dinar",
    "Dinar serbe": "Serbian dinar",
    "Dinar tunisien": "Tunisian dinar",
    "Dinar yougoslave": "Yugoslav dinar",
    "Dinar": "Dinar",
    "Fils": "Fils",
    "Para": "Para",
    "Millime": "Millime",
    "Peso argentin": "Argentine peso",
    "Peso chilien": "Chilean peso",
    "Peso colombien": "Colombian peso",
    "Peso cubains convertibles": "Cuban convertible peso",
    "Peso cubains": "Cuban peso",
    "Peso dominicain": "Dominican peso",
    "Peso philippin": "Philippine peso",
    "Peso uruguayen": "Uruguayan peso",
    "Peso": "Peso",
    "Centavo": "Centavo",
    "Livre britannique": "British pound",
    "Livre guernesey": "Guernsey pound",
    "Livre ascension": "Ascension pound",
    "Livre sainte-hélène": "Saint Helena pound",
    "Livre égyptienne": "Egyptian pound",
    "Livre des îles falkland": "Falkland Islands pound",
    "Livre gibraltar": "Gibraltar pound",
    "Livre manx": "Manx pound",
    "Livre jersey": "Jersey pound",
    "Livre libanaise": "Lebanese pound",
    "Livre des îles malouines": "South Georgia and the South Sandwich Islands pound",
    "Livre sud-soudanaise": "South Sudanese pound",
    "Livre soudanaise": "Sudanese pound",
    "Livre syrienne": "Syrian pound",
    "Pence": "Pence",
    "Shilling": "Shilling",
    "Penny": "Penny",
    "Dollar Américain": "United States dollar",
    "Dollar des Caraïbes orientales": "East Caribbean dollar",
    "Dollar Australien": "Australian dollar",
    "Dollar des bahamas": "Bahamian dollar",
    "Dollar bermudes": "Bermudian dollar",
    "Dollar belize": "Belize dollar",
    "Dollar îles Vierges britanniques": "British Virgin Islands dollar",
    "Dollar brunei": "Brunei dollar",
    "Sen": "Sen",
    "Dollar singapour": "Singapore dollar",
    "Dollar Canadien": "Canadian dollar",
    "Dollar iles caimanes": "Cayman Islands dollar",
    "Dollar néo-zélandais": "New Zealand dollar",
    "Dollar îles cook": "Cook Islands dollar",
    "Dollar des fidji": "Fijian dollar",
    "Dollar guyanien": "Guyanese dollar",
    "Dollar de Hong Kong": "Hong Kong dollar",
    "Dollar jamaïcain": "Jamaican dollar",
    "Dollar libérien": "Liberian dollar",
    "Dollar namibien": "Namibian dollar",
    "Dollar des îles salomon": "Solomon Islands dollar",
    "Dollar du suriname": "Surinamese dollar",
    "Nouveau dollar de Taïwan": "New Taiwan dollar",
    "Dollar trinidadien": "Trinidad and Tobago dollar",
    "Dollar": "Dollar",
    "Yuan Chinois": "Chinese yuan",
    "Fen": "Fen",
    "Jiao": "Jiao",
    "Mark Finlandais": "Finnish markka"
  },
  "pt": {
    "Ano": "Year",
    "Mês": "Month",
    "Semana": "Week",
    "Dia": "Day",
    "Quilômetro quadrado": "Square kilometer",
    "Hectare": "Square hectometer",
    "Decâmetro quadrado": "Square decameter",
    "Metro quadrado": "Square meter",
    "Decímetro quadrado": "Square decimeter",
    "Centímetro quadrado": "Square centimeter",
    "Milímetro quadrado": "Square millimeter",
    "Polegada quadrada": "Square inch",
    "Pé quadrado": "Square foot",
    "Jarda quadrada": "Square mile",
    "Milha quadrada": "Square yard",
    "Acre": "Acre",
    "Tonelada métrica": "Metric Ton",
    "Tonelada": "Ton",
    "Quilograma": "Kilogram",
    "Hectograma": "Hectogram",
    "Decagrama": "Decagram",
    "Grama": "Gram",
    "Decigrama": "Decigram",
    "Centigrama": "Centigram",
    "Miligrama": "Milligram",
    "Micrograma": "Microgram",
    "Nanograma": "Nanogram",
    "Picograma": "Picogram",
    "Libra": "Pound",
    "Onça": "Ounce",
    "Grão": "Grain",
    "Quilate": "Quilate",
    "bit": "Bit",
    "kilobit": "Kilobit",
    "megabit": "Megabit",
    "gigabit": "Gigabit",
    "terabit": "Terabit",
    "petabit": "Petabit",
    "kibibit": "Kibibit",
    "mebibit": "Mebibit",
    "gibibit": "Gibibit",
    "tebibit": "Tebibit",
    "pebibit": "Pebibit",
    "byte": "Byte",
    "kilobyte": "Kilobyte",
    "megabyte": "Megabyte",
    "gigabyte": "Gigabyte",
    "terabyte": "Terabyte",
    "petabyte": "Petabyte",
    "kibibyte": "Kibibyte",
    "mebibyte": "Mebibyte",
    "gibibyte": "Gibibyte",
    "tebibyte": "Tebibyte",
    "pebibyte": "Pebibyte",
    "Quilômetro": "Kilometer",
    "Hectômetro": "Hectometer",
    "Decâmetro": "Decameter",
    "Metro": "Meter",
    "Decímetro": "Decimeter",
    "Centímetro": "Centimeter",
    "Milímetro": "Millimeter",
    "Micrômetro": "Micrometer",
    "Nanômetro": "Nanometer",
    "Picômetro": "Picometer",
    "Milha": "Mile",
    "Jarda": "Yard",
    "Polegada": "Inch",
    "Pé": "Foot",
    "Ano luz": "Light year",
    "Metro por segundo": "Meter per second",
    "Quilômetro por hora": "Kilometer per hour",
    "Quilômetro por minuto": "Kilometer per minute",
    "Quilômetro por segundo": "Kilometer per second",
    "Milha por hora": "Mile per hour",
    "Nó": "Knot",
    "Pé por segundo": "Foot per second",
    "Pé por minuto": "Foot per minute",
    "Jarda por minuto": "Yard per minute",
    "Jarda por segundo": "Yard per second",
    "Kelvin": "K",
    "Grau Rankine": "R",
    "Grau Celsius": "C",
    "Grau Fahrenheit": "F",
    "Grau": "Degree",
    "Quilômetro cúbico": "Cubic kilometer",
    "Hectômetro cúbico": "Cubic hectometer",
    "Decâmetro cúbico": "Cubic decameter",
    "Metro cúbico": "Cubic meter",
    "Decímetro cúbico": "Cubic decimeter",
    "Centímetro cúbico": "Cubic centimeter",
    "Milímetro cúbico": "Cubic millimiter",
    "Polegada cúbica": "Cubic inch",
    "Pé cúbico": "Cubic foot",
    "Jarda cúbica": "Cubic yard",
    "Hectolitro": "Hectoliter",
    "Litro": "Liter",
    "Mililitro": "Milliliter",
    "Galão": "Gallon",
    "Pint": "Pint",
    "Barril": "Barrel",
    "Onça líquida": "Liquid ounce",
    "Dólar": "Dollar",
    "Peso": "Peso",
    "Coroa": "Krone",
    "Rublo": "Ruble",
    "Florim": "Florin",
    "Dinar": "Dinar",
    "Franco": "Franc",
    "Rupia": "Rupee",
    "Escudo": "Escudo",
    "Xelim": "Shilling",
    "Lira": "Lira",
    "Centavo": "Centavo",
    "Pêni": "Penny",
    "Manat": "Manat",
    "Euro": "Euro",
    "Dólar do Caribe Oriental": "East Caribbean dollar",
    "Franco CFA da África Ocidental": "West African CFA franc",
    "Franco CFA da África Central": "Central African CFA franc",
    "Apsar abcásio": "Abkhazian apsar",
    "Afegani afegão": "Afghan afghani",
    "Pul": "Pul",
    "Lek albanês": "Albanian lek",
    "Qindarke": "Qindarkë",
    "Kwanza angolano": "Angolan kwanza",
    "Cêntimo angolano": "Angolan cent",
    "Florim das Antilhas Holandesas": "Netherlands guilder",
    "Rial saudita": "Saudi riyal",
    "Halala saudita": "Halala",
    "Dinar argelino": "Algerian dinar",
    "Peso argentino": "Argentine peso",
    "Dram armênio": "Armenian dram",
    "Luma armênio": "Luma",
    "Florim arubano": "Aruban florin",
    "Dólar australiano": "Australian dollar",
    "Manat azeri": "Azerbaijani manat",
    "Qəpik azeri": "Qəpik",
    "Dólar bahamense": "Bahamian dollar",
    "Dinar bareinita": "Bahraini dinar",
    "Fil bareinita": "Fils",
    "Taka bengali": "Bangladeshi taka",
    "Poisha bengali": "Paisa",
    "Dólar de Barbados": "Barbadian dollar",
    "Dólar de Belize": "Belize dollar",
    "Dólar bermudense": "Bermudian dollar",
    "Rublo bielorrusso": "Belarusian ruble",
    "Copeque bielorusso": "Kopek",
    "Quiate mianmarense": "Burmese kyat",
    "Pya mianmarense": "Pya",
    "Boliviano": "Bolivian boliviano",
    "Marco da Bósnia e Herzegovina": "Bosnia and Herzegovina convertible mark",
    "Fening da Bósnia e Herzegovina": "Fening",
    "Pula": "Botswana pula",
    "Thebe": "Thebe",
    "Real brasileiro": "Brazilian real",
    "Dólar de Brunei": "Brunei dollar",
    "Sen de Brunei": "Sen",
    "Lev búlgaro": "Bulgarian lev",
    "Stotinka búlgaro": "Stotinka",
    "Franco do Burundi": "Burundian franc",
    "Ngultrum butanês": "Bhutanese ngultrum",
    "Chetrum  butanês": "Chetrum",
    "Escudo cabo-verdiano": "Cape Verdean escudo",
    "Riel cambojano": "Cambodian riel",
    "Dólar canadense": "Canadian dollar",
    "Peso chileno": "Chilean peso",
    "Yuan chinês": "Chinese yuan",
    "Peso colombiano": "Colombian peso",
    "Franco comorense": "Comorian franc",
    "Franco congolês": "Congolese franc",
    "Won norte-coreano": "North Korean won",
    "Chon norte-coreano": "North Korean chon",
    "Won sul-coreano": "South Korean won",
    "Jeon sul-coreano": "South Korean jeon",
    "Colón costarriquenho": "Costa Rican colón",
    "Kuna croata": "Croatian kuna",
    "Lipa croata": "Lipa",
    "Peso cubano": "Cuban peso",
    "Peso cubano convertível": "Cuban convertible peso",
    "Coroa dinamarquesa": "Danish krone",
    "Libra egípcia": "Egyptian pound",
    "Piastra egípcia": "Egyptian piastre",
    "Dirham dos Emirados Árabes Unidos": "United Arab Emirates dirham",
    "Nakfa": "Eritrean nakfa",
    "Peseta": "Peseta",
    "Dólar estadunidense": "United States dollar",
    "Coroa estoniana": "Estonian krone",
    "Senti estoniano": "Estonian senti",
    "Birr etíope": "Ethiopian birr",
    "Santim etíope": "Santim",
    "Peso filipino": "Philippine peso",
    "Marco finlandês": "Finnish markka",
    "Dólar fijiano": "Fijian dollar",
    "Dalasi gambiano": "Gambian dalasi",
    "Bututs": "Butut",
    "Lari georgiano": "Georgian lari",
    "Tetri georgiano": "Tetri",
    "Cedi": "Ghanaian cedi",
    "Pesewa": "Pesewa",
    "Libra de Gibraltar": "Gibraltar pound",
    "Peni de Gibraltar": "Gibraltar penny",
    "Quetzal guatemalteco": "Guatemalan quetzal",
    "Libra de Guernsey": "Guernsey pound",
    "Peni de Guernsey": "Guernsey penny",
    "Franco da Guiné": "Guinean franc",
    "Dólar guianense": "Guyanese dollar",
    "Gurde haitiano": "Haitian gourde",
    "Lempira hondurenha": "Honduran lempira",
    "Dólar de Hong Kong": "Hong Kong dollar",
    "Florim húngaro": "Hungarian forint",
    "Filér húngaro": "Hungarian filer",
    "Rupia indiana": "Indian rupee",
    "Paisa indiana": "Indian paisa",
    "Rupia indonésia": "Indonesian rupiah",
    "Sen indonésio": "Indonesian sen",
    "Rial iraniano": "Iranian rial",
    "Dinar iraquiano": "Iraqi dinar",
    "Fil iraquiano": "Iraqi fil",
    "Libra manesa": "Manx pound",
    "Peni manês": "Manx penny",
    "Coroa islandesa": "Icelandic króna",
    "Aurar islandês": "Icelandic aurar",
    "Dólar das Ilhas Cayman": "Cayman Islands dollar",
    "Dólar das Ilhas Cook": "Cook Islands dollar",
    "Coroa feroesa": "Faroese króna",
    "Libra das Malvinas": "Malvinese pound",
    "Dólar das Ilhas Salomão": "Solomon Islands dollar",
    "Novo shekel israelense": "Israeli new shekel",
    "Agora": "Agora",
    "Dólar jamaicano": "Jamaican dollar",
    "Yen": "Japanese yen",
    "Libra de Jersey": "Jersey pound",
    "Dinar jordaniano": "Jordanian dinar",
    "Piastra jordaniana": "Jordanian piastre",
    "Tengue cazaque": "Kazakhstani tenge",
    "Xelim queniano": "Kenyan shilling",
    "Som quirguiz": "Kyrgyzstani som",
    "Tyiyn": "Tyiyn",
    "Dólar de Kiribati": "Kiribati dollar",
    "Dinar kuwaitiano": "Kuwaiti dinar",
    "Quipe laosiano": "Lao kip",
    "Att laosiano": "Att",
    "Loti do Lesoto": "Lesotho loti",
    "Sente": "Sente",
    "Libra libanesa": "Lebanese pound",
    "Dólar liberiano": "Liberian dollar",
    "Dinar libio": "Libyan dinar",
    "Dirham libio": "Libyan dirham",
    "Litas lituana": "Lithuanian litas",
    "Pataca macaense": "Macanese pataca",
    "Avo macaense": "Avo",
    "Ho macaense": "Ho",
    "Dinar macedônio": "Macedonian denar",
    "Deni macedônio": "Deni",
    "Ariary malgaxe": "Malagasy ariary",
    "Iraimbilanja": "Iraimbilanja",
    "Ringuite malaio": "Malaysian ringgit",
    "Sen malaio": "Malaysian sen",
    "Kwacha do Malawi": "Malawian kwacha",
    "Tambala": "Tambala",
    "Rupia maldiva": "Maldivian rufiyaa",
    "Dirame marroquino": "Diram",
    "Rupia maurícia": "Mauritian rupee",
    "Uguia": "Mauritanian ouguiya",
    "Kume": "Kume",
    "Peso mexicano": "Mexican peso",
    "Leu moldávio": "Moldovan leu",
    "Ban moldávio": "Ban",
    "Tugrik mongol": "Tugrik",
    "Metical moçambicao": "Mozambican metical",
    "Dólar namibiano": "Namibian dollar",
    "Rupia nepalesa": "Nepalese rupee",
    "Paisa nepalesa": "Nepalese Paisa",
    "Córdova nicaraguense": "Nicaraguan córdoba",
    "Naira": "Nigerian naira",
    "Kobo": "Kobo",
    "Coroa norueguesa": "Norwegian krone",
    "Franco CFP": "CFP franc",
    "Dólar neozelandês": "New Zealand dollar",
    "Rial omanense": "Omani rial",
    "Baisa omanense": "Baisa",
    "Florim holandês": "Netherlands guilder",
    "Rupia paquistanesa": "Pakistani rupee",
    "Paisa paquistanesa": "Pakistani paisa",
    "Balboa panamenho": "Panamanian balboa",
    "Kina": "Papua New Guinean kina",
    "Toea": "Toea",
    "Guarani": "Paraguayan guaraní",
    "Novo Sol": "Peruvian sol",
    "Złoty": "Polish złoty",
    "Groszy": "Grosz",
    "Rial catariano": "Qatari riyal",
    "Dirame catariano": "Diram",
    "Libra esterlina": "British pound",
    "Coroa checa": "Czech koruna",
    "Peso dominicano": "Dominican peso",
    "Franco ruandês": "Rwandan franc",
    "Céntimo ruandês": "Rwandan cent",
    "Leu romeno": "Romanian leu",
    "Ban romeno": "Ban",
    "Rublo russo": "Russian ruble",
    "Copeque ruso": "Kopek",
    "Tala samoano": "Samoan tālā",
    "Sene samoano": "Sene",
    "Libra de Santa Helena": "Saint Helena pound",
    "Pêni de Santa Helena": "Saint Helena penny",
    "Dobra": "São Tomé and Príncipe dobra",
    "Dinar sérvio": "Serbian dinar",
    "Para sérvio": "Para",
    "Rupia seichelense": "Seychellois rupee",
    "Leone serra-leonino": "Sierra Leonean leone",
    "Dólar de Cingapura": "Singapore dollar",
    "Libra síria": "Syrian pound",
    "Piastra síria": "Syrian piastre",
    "Xelim somali": "Somali shilling",
    "Xelim da Somalilândia": "Somaliland shilling",
    "Rupia do Sri Lanka": "Sri Lankan rupee",
    "Lilangeni": "Swazi lilangeni",
    "Rand sul-africano": "South African rand",
    "Libra sudanesa": "Sudanese pound",
    "Piastra sudanesa": "Sudanese piastre",
    "Libra sul-sudanesa": "South Sudanese pound",
    "Piastra sul-sudanesa": "South Sudanese piastre",
    "Coroa sueca": "Swedish krona",
    "Franco suíço": "Swiss franc",
    "Rappen suíço": "Rappen",
    "Dólar surinamês": "Surinamese dollar",
    "Baht tailandês": "Thai baht",
    "Satang tailandês": "Satang",
    "Novo dólar taiwanês": "New Taiwan dollar",
    "Xelim tanzaniano": "Tanzanian shilling",
    "Somoni tajique": "Tajikistani somoni",
    "Diram tajique": "Diram",
    "Paʻanga": "Tongan paʻanga",
    "Seniti": "Seniti",
    "Rublo transdniestriano": "Transnistrian ruble",
    "Copeque transdniestriano": "Transnistrian kopek",
    "Dólar de Trinidade e Tobago": "Trinidad and Tobago dollar",
    "Dinar tunisiano": "Tunisian dinar",
    "Milim tunisiano": "Millime",
    "Lira turca": "Turkish lira",
    "Kuruş turco": "Kuruş",
    "Manat turcomeno": "Turkmenistan manat",
    "Tennesi turcomeno": "Tennesi",
    "Dólar tuvaluano": "Tuvaluan dollar",
    "Grívnia": "Grivna",
    "Copeque ucraniano": "Kopiyka",
    "Xelim ugandês": "Ugandan shilling",
    "Peso uruguaio": "Uruguayan peso",
    "Som uzbeque": "Uzbekitan som",
    "Tiyin uzbeque": "Tiyin",
    "Vatu": "Vanuatu vatu",
    "Bolívar forte venezuelano": "Venezuelan bolívar",
    "Dongue vietnamita": "Vietnamese dong",
    "Hào vietnamita": "Vietnamese hao",
    "Rial iemenita": "Yemeni rial",
    "Fils iemenita": "Yemeni fils",
    "Franco djibutiano": "Djiboutian franc",
    "Dinar iugoslavo": "Yugoslav dinar",
    "Kwacha zambiano": "Zambian kwacha",
    "Ngwee zambiano": "Zambian ngwee"
  }
}
